<?xml version="1.0" encoding="UTF-8"?>
<mundiales_de_futbol>
    <mundial pais="España" año="1982">
    </mundial>
</mundiales_de_futbol>
<!--

    Primer error: la etiqueta `<pais="España" />` intenta definir un elemento con un atributo, 
pero la sintaxis es incorrecta para XML. Los atributos deben estar dentro de una etiqueta de 
elemento, no como elementos independientes.
    
    Segundo error: `<1982 />` no es válido como nombre de elemento en XML porque los nombres 
de los elementos no pueden comenzar con un número. Además, no proporciona una clave clara 
sobre qué representa este número (en este caso, el año del mundial).

    Tercer error: la estructura general del documento no es clara en cuanto a la relación 
entre los datos (país y año del mundial). Una mejor práctica es agrupar la información 
relacionada dentro de un mismo elemento para claridad y estructura.

                            EJERCICIO SIN CORREGIR:

<?xml version="1.0" encoding="UTF-8"?>
<geografia mundial>
    <pais>
        <pais>España</pais>
        <1982 />
    </pais>
</geografia mundial>

-->