<?xml version="1.0" encoding="UTF-8"?>
<texto>
    <titulo>XML explicado a los niños</titulo>
    <párrafo>El XML define cómo crear lenguajes de marcas.</párrafo>
    <párrafo>Las marcas se añaden a un documento de texto para añadir información.</párrafo>
    <a href="https://www.example.org">Enlace correctamente puesto</a>
</texto>

<!--

    Primer error: no el primero que existe pero el que más me perturba, es como
se ha agregado un enlace en el XML, no existe una etiqueta <http://>, el metodo
correcto seria utilizar un <a href="https://enlace.com">

    Segundo error: se crea y cierra una etiqueta dentro de otra etiqueta, la de
"abreviatura" lo cual viola la estructura de un XML, de a secas, decimos que la 
propia etiqueta "abreviatura" no deberia de existir ni estár ahí.

    Tercer error: si una etiqueta empieza con la primera letra mayuscula, como
el XML distingue entre mayusculas y minusculas, el cierre debe finalizar igual
esto se ve en el primer "Titulo" donde la etiqueta de cierra es "titulo" con
la "t" minuscula.

    EJERCICIO SIN CORREGIR:

<?xml version="1.0" encoding="UTF-8"?>
<texto>
    <Titulo>XML explicado a los niños</titulo>
    <párrafo>El <abreviatura>XML</abreviatura> define cómo crear lenguajes de marcas.</párrafo>
    <párrafo>Las marcas se añaden a un documento de texto para añadir información.</párrafo>
    <http://>www.example.org</http://>
</texto>
-->